{
  "best": [
    {
      "alpha_s": 1.1,
      "central_log10N_median_selected": 3.6555225962534177,
      "central_log10N_min_selected": 3.4122925093230463,
      "chi2_density": 1.7813602962219925e-13,
      "chi2_total": 282.6077468481724,
      "chi2_wp": 151.74552731191378,
      "chi2_xi0": 20.596781978107906,
      "chi2_xi2": 110.26543755815052,
      "f_sat_actual": 0.03999988713084733,
      "f_sat_target": 0.04,
      "model": "minimal_hod",
      "model_number_density_h3_mpc3": 0.000531589,
      "n_allowed_sat_candidates": 800000.0,
      "n_cen_target": 4082604.0,
      "n_gal": 4252712,
      "n_sat": 170108,
      "n_sat_target": 170108.0,
      "observed_number_density_h3_mpc3": 0.0005315890336544999,
      "satellite_log10N_median_selected": 4.59847314801658,
      "satellite_power": 1.0,
      "sigma_logm": 0.25,
      "status": "ok",
      "traceback": ""
    },
    {
      "alpha_s": 0.9,
      "central_log10N_median_selected": 3.6555225962534177,
      "central_log10N_min_selected": 3.4122925093230463,
      "chi2_density": 1.7813602962219925e-13,
      "chi2_total": 289.3515533438637,
      "chi2_wp": 151.73952401812588,
      "chi2_xi0": 20.136168931380656,
      "chi2_xi2": 117.47586039435703,
      "f_sat_actual": 0.03999988713084733,
      "f_sat_target": 0.04,
      "model": "minimal_hod",
      "model_number_density_h3_mpc3": 0.000531589,
      "n_allowed_sat_candidates": 800000.0,
      "n_cen_target": 4082604.0,
      "n_gal": 4252712,
      "n_sat": 170108,
      "n_sat_target": 170108.0,
      "observed_number_density_h3_mpc3": 0.0005315890336544999,
      "satellite_log10N_median_selected": 4.59847314801658,
      "satellite_power": 1.0,
      "sigma_logm": 0.25,
      "status": "ok",
      "traceback": ""
    },
    {
      "alpha_s": 1.3,
      "central_log10N_median_selected": 3.6555225962534177,
      "central_log10N_min_selected": 3.4122925093230463,
      "chi2_density": 1.7813602962219925e-13,
      "chi2_total": 289.8865017946044,
      "chi2_wp": 151.73921522000364,
      "chi2_xi0": 20.916620685793184,
      "chi2_xi2": 117.23066588880737,
      "f_sat_actual": 0.03999988713084733,
      "f_sat_target": 0.04,
      "model": "minimal_hod",
      "model_number_density_h3_mpc3": 0.000531589,
      "n_allowed_sat_candidates": 800000.0,
      "n_cen_target": 4082604.0,
      "n_gal": 4252712,
      "n_sat": 170108,
      "n_sat_target": 170108.0,
      "observed_number_density_h3_mpc3": 0.0005315890336544999,
      "satellite_log10N_median_selected": 4.59847314801658,
      "satellite_power": 1.0,
      "sigma_logm": 0.25,
      "status": "ok",
      "traceback": ""
    },
    {
      "alpha_s": 0.7,
      "central_log10N_median_selected": 3.6555225962534177,
      "central_log10N_min_selected": 3.4122925093230463,
      "chi2_density": 1.7813602962219925e-13,
      "chi2_total": 326.218297399946,
      "chi2_wp": 151.72928620353431,
      "chi2_xi0": 19.444043890477104,
      "chi2_xi2": 155.0449673059344,
      "f_sat_actual": 0.03999988713084733,
      "f_sat_target": 0.04,
      "model": "minimal_hod",
      "model_number_density_h3_mpc3": 0.000531589,
      "n_allowed_sat_candidates": 800000.0,
      "n_cen_target": 4082604.0,
      "n_gal": 4252712,
      "n_sat": 170108,
      "n_sat_target": 170108.0,
      "observed_number_density_h3_mpc3": 0.0005315890336544999,
      "satellite_log10N_median_selected": 4.59847314801658,
      "satellite_power": 1.0,
      "sigma_logm": 0.25,
      "status": "ok",
      "traceback": ""
    },
    {
      "alpha_s": 1.1,
      "central_log10N_median_selected": 3.661812685537261,
      "central_log10N_min_selected": 3.4122925093230463,
      "chi2_density": 1.7813602962219925e-13,
      "chi2_total": 411.03666900167894,
      "chi2_wp": 356.80637414639494,
      "chi2_xi0": 44.22674457301097,
      "chi2_xi2": 10.00355028227286,
      "f_sat_actual": 0.06000006584033906,
      "f_sat_target": 0.06,
      "model": "minimal_hod",
      "model_number_density_h3_mpc3": 0.000531589,
      "n_allowed_sat_candidates": 800000.0,
      "n_cen_target": 3997549.0,
      "n_gal": 4252712,
      "n_sat": 255163,
      "n_sat_target": 255163.0,
      "observed_number_density_h3_mpc3": 0.0005315890336544999,
      "satellite_log10N_median_selected": 4.596750995512816,
      "satellite_power": 1.0,
      "sigma_logm": 0.25,
      "status": "ok",
      "traceback": ""
    },
    {
      "alpha_s": 0.9,
      "central_log10N_median_selected": 3.661812685537261,
      "central_log10N_min_selected": 3.4122925093230463,
      "chi2_density": 1.7813602962219925e-13,
      "chi2_total": 413.0073315872059,
      "chi2_wp": 356.8356195913072,
      "chi2_xi0": 43.4691674022949,
      "chi2_xi2": 12.702544593603617,
      "f_sat_actual": 0.06000006584033906,
      "f_sat_target": 0.06,
      "model": "minimal_hod",
      "model_number_density_h3_mpc3": 0.000531589,
      "n_allowed_sat_candidates": 800000.0,
      "n_cen_target": 3997549.0,
      "n_gal": 4252712,
      "n_sat": 255163,
      "n_sat_target": 255163.0,
      "observed_number_density_h3_mpc3": 0.0005315890336544999,
      "satellite_log10N_median_selected": 4.596750995512816,
      "satellite_power": 1.0,
      "sigma_logm": 0.25,
      "status": "ok",
      "traceback": ""
    },
    {
      "alpha_s": 1.3,
      "central_log10N_median_selected": 3.661812685537261,
      "central_log10N_min_selected": 3.4122925093230463,
      "chi2_density": 1.7813602962219925e-13,
      "chi2_total": 414.41855594965034,
      "chi2_wp": 356.78472221561356,
      "chi2_xi0": 44.65041060786593,
      "chi2_xi2": 12.983423126170702,
      "f_sat_actual": 0.06000006584033906,
      "f_sat_target": 0.06,
      "model": "minimal_hod",
      "model_number_density_h3_mpc3": 0.000531589,
      "n_allowed_sat_candidates": 800000.0,
      "n_cen_target": 3997549.0,
      "n_gal": 4252712,
      "n_sat": 255163,
      "n_sat_target": 255163.0,
      "observed_number_density_h3_mpc3": 0.0005315890336544999,
      "satellite_log10N_median_selected": 4.596750995512816,
      "satellite_power": 1.0,
      "sigma_logm": 0.25,
      "status": "ok",
      "traceback": ""
    },
    {
      "alpha_s": 1.1,
      "central_log10N_median_selected": 3.6492374723496073,
      "central_log10N_min_selected": 3.4122925093230463,
      "chi2_density": 1.7813602962219925e-13,
      "chi2_total": 423.3077034026024,
      "chi2_wp": 52.485959037652876,
      "chi2_xi0": 9.274372210572622,
      "chi2_xi2": 361.5473721543767,
      "f_sat_actual": 0.019999943565423665,
      "f_sat_target": 0.02,
      "model": "minimal_hod",
      "model_number_density_h3_mpc3": 0.000531589,
      "n_allowed_sat_candidates": 800000.0,
      "n_cen_target": 4167658.0,
      "n_gal": 4252712,
      "n_sat": 85054,
      "n_sat_target": 85054.0,
      "observed_number_density_h3_mpc3": 0.0005315890336544999,
      "satellite_log10N_median_selected": 4.6012286078331766,
      "satellite_power": 1.0,
      "sigma_logm": 0.25,
      "status": "ok",
      "traceback": ""
    },
    {
      "alpha_s": 1.3,
      "central_log10N_median_selected": 3.6492374723496073,
      "central_log10N_min_selected": 3.4122925093230463,
      "chi2_density": 1.7813602962219925e-13,
      "chi2_total": 426.18673274433723,
      "chi2_wp": 52.48602359970516,
      "chi2_xi0": 9.447369221501598,
      "chi2_xi2": 364.2533399231303,
      "f_sat_actual": 0.019999943565423665,
      "f_sat_target": 0.02,
      "model": "minimal_hod",
      "model_number_density_h3_mpc3": 0.000531589,
      "n_allowed_sat_candidates": 800000.0,
      "n_cen_target": 4167658.0,
      "n_gal": 4252712,
      "n_sat": 85054,
      "n_sat_target": 85054.0,
      "observed_number_density_h3_mpc3": 0.0005315890336544999,
      "satellite_log10N_median_selected": 4.6012286078331766,
      "satellite_power": 1.0,
      "sigma_logm": 0.25,
      "status": "ok",
      "traceback": ""
    },
    {
      "alpha_s": 0.7,