{
  "best": [
    {
      "alpha_s": 1.1,
      "c_ratio": 1.3,
      "c_ref": 5.0,
      "c_sat": 6.5,
      "central_log10N_median_selected": 3.6555225962534177,
      "central_log10N_min_selected": 3.4122925093230463,
      "chi2_density": 1.7813602962219925e-13,
      "chi2_total": 274.0852720513731,
      "chi2_wp": 143.27725517713347,
      "chi2_xi0": 20.596312872746665,
      "chi2_xi2": 110.21170400149286,
      "concentration_ratio": 1.3,
      "f_sat_actual": 0.03999988713084733,
      "f_sat_target": 0.04,
      "model": "minimal_hod_nfw_profile",
      "model_number_density_h3_mpc3": 0.000531589,
      "n_allowed_sat_candidates": 800000.0,
      "n_cen_target": 4082604.0,
      "n_gal": 4252712,
      "n_sat": 170108,
      "n_sat_target": 170108.0,
      "observed_number_density_h3_mpc3": 0.0005315890336544999,
      "particle_mass_hinv_msun": 2100000000.0,
      "sat_r_over_r200m_median": 0.40829525033203684,
      "sat_radius_scale_median": 0.9236473496415665,
      "sat_radius_scale_p16": 0.8803334555675429,
      "sat_radius_scale_p84": 0.9633111908527552,
      "satellite_log10N_median_selected": 4.59847314801658,
      "satellite_power": 1.0,
      "sigma_logm": 0.25,
      "status": "ok",
      "traceback": ""
    },
    {
      "alpha_s": 1.3,
      "c_ratio": 1.3,
      "c_ref": 5.0,
      "c_sat": 6.5,
      "central_log10N_median_selected": 3.6555225962534177,
      "central_log10N_min_selected": 3.4122925093230463,
      "chi2_density": 1.7813602962219925e-13,
      "chi2_total": 281.2810453160295,
      "chi2_wp": 143.27098600838724,
      "chi2_xi0": 20.916999672993235,
      "chi2_xi2": 117.09305963464887,
      "concentration_ratio": 1.3,
      "f_sat_actual": 0.03999988713084733,
      "f_sat_target": 0.04,
      "model": "minimal_hod_nfw_profile",
      "model_number_density_h3_mpc3": 0.000531589,
      "n_allowed_sat_candidates": 800000.0,
      "n_cen_target": 4082604.0,
      "n_gal": 4252712,
      "n_sat": 170108,
      "n_sat_target": 170108.0,
      "observed_number_density_h3_mpc3": 0.0005315890336544999,
      "particle_mass_hinv_msun": 2100000000.0,
      "sat_r_over_r200m_median": 0.40829525033203684,
      "sat_radius_scale_median": 0.9236473496415665,
      "sat_radius_scale_p16": 0.8803334555675429,
      "sat_radius_scale_p84": 0.9633111908527552,
      "satellite_log10N_median_selected": 4.59847314801658,
      "satellite_power": 1.0,
      "sigma_logm": 0.25,
      "status": "ok",
      "traceback": ""
    },
    {
      "alpha_s": 1.1,
      "c_ratio": 1.0,
      "c_ref": 5.0,
      "c_sat": 5.0,
      "central_log10N_median_selected": 3.6555225962534177,
      "central_log10N_min_selected": 3.4122925093230463,
      "chi2_density": 1.7813602962219925e-13,
      "chi2_total": 282.6077468752364,
      "chi2_wp": 151.74552733899995,
      "chi2_xi0": 20.596781978125733,
      "chi2_xi2": 110.26543755811058,
      "concentration_ratio": 1.0,
      "f_sat_actual": 0.03999988713084733,
      "f_sat_target": 0.04,
      "model": "minimal_hod_nfw_profile",
      "model_number_density_h3_mpc3": 0.000531589,
      "n_allowed_sat_candidates": 800000.0,
      "n_cen_target": 4082604.0,
      "n_gal": 4252712,
      "n_sat": 170108,
      "n_sat_target": 170108.0,
      "observed_number_density_h3_mpc3": 0.0005315890336544999,
      "particle_mass_hinv_msun": 2100000000.0,
      "sat_r_over_r200m_median": 0.40829525033203684,
      "sat_radius_scale_median": 1.0000000003689435,
      "sat_radius_scale_p16": 0.9999999992070226,
      "sat_radius_scale_p84": 1.0000000007564613,
      "satellite_log10N_median_selected": 4.59847314801658,
      "satellite_power": 1.0,
      "sigma_logm": 0.25,
      "status": "ok",
      "traceback": ""
    },
    {
      "alpha_s": 1.3,
      "c_ratio": 1.0,
      "c_ref": 5.0,
      "c_sat": 5.0,
      "central_log10N_median_selected": 3.6555225962534177,
      "central_log10N_min_selected": 3.4122925093230463,
      "chi2_density": 1.7813602962219925e-13,
      "chi2_total": 289.8865018216465,
      "chi2_wp": 151.73921524706674,
      "chi2_xi0": 20.91662068580821,
      "chi2_xi2": 117.23066588877136,
      "concentration_ratio": 1.0,
      "f_sat_actual": 0.03999988713084733,
      "f_sat_target": 0.04,
      "model": "minimal_hod_nfw_profile",
      "model_number_density_h3_mpc3": 0.000531589,
      "n_allowed_sat_candidates": 800000.0,
      "n_cen_target": 4082604.0,
      "n_gal": 4252712,
      "n_sat": 170108,
      "n_sat_target": 170108.0,
      "observed_number_density_h3_mpc3": 0.0005315890336544999,
      "particle_mass_hinv_msun": 2100000000.0,
      "sat_r_over_r200m_median": 0.40829525033203684,
      "sat_radius_scale_median": 1.0000000003689435,
      "sat_radius_scale_p16": 0.9999999992070226,
      "sat_radius_scale_p84": 1.0000000007564613,
      "satellite_log10N_median_selected": 4.59847314801658,
      "satellite_power": 1.0,
      "sigma_logm": 0.25,
      "status": "ok",
      "traceback": ""
    },
    {
      "alpha_s": 1.1,
      "c_ratio": 0.7,
      "c_ref": 5.0,
      "c_sat": 3.5,
      "central_log10N_median_selected": 3.6555225962534177,
      "central_log10N_min_selected": 3.4122925093230463,
      "chi2_density": 1.7813602962219925e-13,
      "chi2_total": 293.6473463658645,
      "chi2_wp": 162.74137405721697,
      "chi2_xi0": 20.59945080358133,
      "chi2_xi2": 110.30652150506606,
      "concentration_ratio": 0.7,
      "f_sat_actual": 0.03999988713084733,
      "f_sat_target": 0.04,
      "model": "minimal_hod_nfw_profile",
      "model_number_density_h3_mpc3": 0.000531589,
      "n_allowed_sat_candidates": 800000.0,
      "n_cen_target": 4082604.0,
      "n_gal": 4252712,
      "n_sat": 170108,
      "n_sat_target": 170108.0,
      "observed_number_density_h3_mpc3": 0.0005315890336544999,
      "particle_mass_hinv_msun": 2100000000.0,
      "sat_r_over_r200m_median": 0.40829525033203684,
      "sat_radius_scale_median": 1.1024140026072362,
      "sat_radius_scale_p16": 1.0465082215941512,
      "sat_radius_scale_p84": 1.1719647544949479,
      "satellite_log10N_median_selected": 4.59847314801658,
      "satellite_power": 1.0,
      "sigma_logm": 0.25,
      "status": "ok",
      "traceback": ""
    },
    {
      "alpha_s": 1.3,
      "c_ratio": 0.7,
      "c_ref": 5.0,
      "c_sat": 3.5,
      "central_log10N_median_selected": 3.6555225962534177,
      "central_log10N_min_selected": 3.4122925093230463,
      "chi2_density": 1.7813602962219925e-13,
      "chi2_total": 301.0273558631172,
      "chi2_wp": 162.72499153957241,
      "chi2_xi0": 20.918630040220997,
      "chi2_xi2": 117.38373428332363,
      "concentration_ratio": 0.7,
      "f_sat_actual": 0.03999988713084733,
      "f_sat_target": 0.04,
      "model": "minimal_hod_nfw_profile",
      "model_number_density_h3_mpc3": 0.000531589,
      "n_allowed_sat_candidates": 800000.0,
      "n_cen_target": 4082604.0,
      "n_gal": 4252712,
      "n_sat": 170108,
      "n_sat_target": 170108.0,
      "observed_number_density_h3_mpc3": 0.0005315890336544999,
      "particle_mass_hinv_msun": 2100000000.0,
      "sat_r_over_r200m_median": 0.40829525033203684,
      "sat_radius_scale_median": 1.1024140026072362,
      "sat_radius_scale_p16": 1.0465082215941512,
      "sat_radius_scale_p84": 1.1719647544949479,
      "satellite_log10N_median_selected": 4.59847314801658,
      "satellite_power": 1.0,
      "sigma_logm": 0.25,
      "status": "ok",
      "traceback": ""
    },
    {
      "alpha_s": 1.1,
      "c_ratio": 0.5,
      "c_ref": 5.0,
      "c_sat": 2.5,
      "central_log10N_median_selected": 3.6555225962534177,
      "central_log10N_min_selected": 3.4122925093230463,
      "chi2_density": 1.7813602962219925e-13,
      "chi2_total": 302.90982410492666,
      "chi2_wp": 171.89511652690683,
      "chi2_xi0": 20.59951082064532,
      "chi2_xi2": 110.41519675737433,
      "concentration_ratio": 0.5,
      "f_sat_actual": 0.03999988713084733,
      "f_sat_target": 0.04,