{
  "best": [
    {
      "alpha_s": 1.1,
      "central_log10N_median_selected": 3.661812685537261,
      "central_log10N_min_selected": 3.4122925093230463,
      "chi2_density": 1.7813602962219925e-13,
      "chi2_total": 222.34817637204787,
      "chi2_wp": 161.9460481675514,
      "chi2_xi0": 44.68515135949662,
      "chi2_xi2": 15.716976844999687,
      "f_sat_actual": 0.06000006584033906,
      "f_sat_target": 0.06,
      "model": "minimal_hod",
      "model_number_density_h3_mpc3": 0.000531589,
      "n_allowed_sat_candidates": 800000.0,
      "n_cen_target": 3997549.0,
      "n_gal": 4252712,
      "n_sat": 255163,
      "n_sat_target": 255163.0,
      "observed_number_density_h3_mpc3": 0.0005315890336544999,
      "radial_scale": 4.0,
      "satellite_log10N_median_selected": 4.596750995512816,
      "satellite_power": 1.0,
      "sigma_logm": 0.25,
      "status": "ok",
      "traceback": ""
    },
    {
      "alpha_s": 1.3,
      "central_log10N_median_selected": 3.661812685537261,
      "central_log10N_min_selected": 3.4122925093230463,
      "chi2_density": 1.7813602962219925e-13,
      "chi2_total": 229.12469905219868,
      "chi2_wp": 161.98809781665935,
      "chi2_xi0": 45.03241921382673,
      "chi2_xi2": 22.10418202171244,
      "f_sat_actual": 0.06000006584033906,
      "f_sat_target": 0.06,
      "model": "minimal_hod",
      "model_number_density_h3_mpc3": 0.000531589,
      "n_allowed_sat_candidates": 800000.0,
      "n_cen_target": 3997549.0,
      "n_gal": 4252712,
      "n_sat": 255163,
      "n_sat_target": 255163.0,
      "observed_number_density_h3_mpc3": 0.0005315890336544999,
      "radial_scale": 4.0,
      "satellite_log10N_median_selected": 4.596750995512816,
      "satellite_power": 1.0,
      "sigma_logm": 0.25,
      "status": "ok",
      "traceback": ""
    },
    {
      "alpha_s": 1.1,
      "central_log10N_median_selected": 3.6555225962534177,
      "central_log10N_min_selected": 3.4122925093230463,
      "chi2_density": 1.7813602962219925e-13,
      "chi2_total": 236.57110402821513,
      "chi2_wp": 78.14279190551026,
      "chi2_xi0": 20.732783704158297,
      "chi2_xi2": 137.69552841854642,
      "f_sat_actual": 0.03999988713084733,
      "f_sat_target": 0.04,
      "model": "minimal_hod",
      "model_number_density_h3_mpc3": 0.000531589,
      "n_allowed_sat_candidates": 800000.0,
      "n_cen_target": 4082604.0,
      "n_gal": 4252712,
      "n_sat": 170108,
      "n_sat_target": 170108.0,
      "observed_number_density_h3_mpc3": 0.0005315890336544999,
      "radial_scale": 4.0,
      "satellite_log10N_median_selected": 4.59847314801658,
      "satellite_power": 1.0,
      "sigma_logm": 0.25,
      "status": "ok",
      "traceback": ""
    },
    {
      "alpha_s": 0.7,
      "central_log10N_median_selected": 3.661812685537261,
      "central_log10N_min_selected": 3.4122925093230463,
      "chi2_density": 1.7813602962219925e-13,
      "chi2_total": 242.5159956205112,
      "chi2_wp": 161.90687152240466,
      "chi2_xi0": 42.952525770052254,
      "chi2_xi2": 37.65659832805411,
      "f_sat_actual": 0.06000006584033906,
      "f_sat_target": 0.06,
      "model": "minimal_hod",
      "model_number_density_h3_mpc3": 0.000531589,
      "n_allowed_sat_candidates": 800000.0,
      "n_cen_target": 3997549.0,
      "n_gal": 4252712,
      "n_sat": 255163,
      "n_sat_target": 255163.0,
      "observed_number_density_h3_mpc3": 0.0005315890336544999,
      "radial_scale": 4.0,
      "satellite_log10N_median_selected": 4.596750995512816,
      "satellite_power": 1.0,
      "sigma_logm": 0.25,
      "status": "ok",
      "traceback": ""
    },
    {
      "alpha_s": 1.3,
      "central_log10N_median_selected": 3.6555225962534177,
      "central_log10N_min_selected": 3.4122925093230463,
      "chi2_density": 1.7813602962219925e-13,
      "chi2_total": 243.80064281774256,
      "chi2_wp": 78.155700023349,
      "chi2_xi0": 21.03417993122393,
      "chi2_xi2": 144.61076286316947,
      "f_sat_actual": 0.03999988713084733,
      "f_sat_target": 0.04,
      "model": "minimal_hod",
      "model_number_density_h3_mpc3": 0.000531589,
      "n_allowed_sat_candidates": 800000.0,
      "n_cen_target": 4082604.0,
      "n_gal": 4252712,
      "n_sat": 170108,
      "n_sat_target": 170108.0,
      "observed_number_density_h3_mpc3": 0.0005315890336544999,
      "radial_scale": 4.0,
      "satellite_log10N_median_selected": 4.59847314801658,
      "satellite_power": 1.0,
      "sigma_logm": 0.25,
      "status": "ok",
      "traceback": ""
    },
    {
      "alpha_s": 1.1,
      "central_log10N_median_selected": 3.6555225962534177,
      "central_log10N_min_selected": 3.4122925093230463,
      "chi2_density": 1.7813602962219925e-13,
      "chi2_total": 245.41953359890437,
      "chi2_wp": 101.9823523858801,
      "chi2_xi0": 20.667646121439486,
      "chi2_xi2": 122.76953509158461,
      "f_sat_actual": 0.03999988713084733,
      "f_sat_target": 0.04,
      "model": "minimal_hod",
      "model_number_density_h3_mpc3": 0.000531589,
      "n_allowed_sat_candidates": 800000.0,
      "n_cen_target": 4082604.0,
      "n_gal": 4252712,
      "n_sat": 170108,
      "n_sat_target": 170108.0,
      "observed_number_density_h3_mpc3": 0.0005315890336544999,
      "radial_scale": 3.0,
      "satellite_log10N_median_selected": 4.59847314801658,
      "satellite_power": 1.0,
      "sigma_logm": 0.25,
      "status": "ok",
      "traceback": ""
    },
    {
      "alpha_s": 1.3,
      "central_log10N_median_selected": 3.6555225962534177,
      "central_log10N_min_selected": 3.4122925093230463,
      "chi2_density": 1.7813602962219925e-13,
      "chi2_total": 253.07721730311545,
      "chi2_wp": 101.98395264669905,
      "chi2_xi0": 20.981109996838857,
      "chi2_xi2": 130.11215465957736,
      "f_sat_actual": 0.03999988713084733,
      "f_sat_target": 0.04,
      "model": "minimal_hod",
      "model_number_density_h3_mpc3": 0.000531589,
      "n_allowed_sat_candidates": 800000.0,
      "n_cen_target": 4082604.0,
      "n_gal": 4252712,
      "n_sat": 170108,
      "n_sat_target": 170108.0,
      "observed_number_density_h3_mpc3": 0.0005315890336544999,
      "radial_scale": 3.0,
      "satellite_log10N_median_selected": 4.59847314801658,
      "satellite_power": 1.0,
      "sigma_logm": 0.25,
      "status": "ok",
      "traceback": ""
    },
    {
      "alpha_s": 1.1,
      "central_log10N_median_selected": 3.6555225962534177,
      "central_log10N_min_selected": 3.4122925093230463,
      "chi2_density": 1.7813602962219925e-13,
      "chi2_total": 274.18774799870806,
      "chi2_wp": 139.6506215119966,
      "chi2_xi0": 20.62161619907519,
      "chi2_xi2": 113.91551028763614,
      "f_sat_actual": 0.03999988713084733,
      "f_sat_target": 0.04,
      "model": "minimal_hod",
      "model_number_density_h3_mpc3": 0.000531589,
      "n_allowed_sat_candidates": 800000.0,
      "n_cen_target": 4082604.0,
      "n_gal": 4252712,
      "n_sat": 170108,
      "n_sat_target": 170108.0,
      "observed_number_density_h3_mpc3": 0.0005315890336544999,
      "radial_scale": 2.0,
      "satellite_log10N_median_selected": 4.59847314801658,
      "satellite_power": 1.0,
      "sigma_logm": 0.25,
      "status": "ok",
      "traceback": ""
    },
    {
      "alpha_s": 1.1,
      "central_log10N_median_selected": 3.661812685537261,
      "central_log10N_min_selected": 3.4122925093230463,
      "chi2_density": 1.7813602962219925e-13,
      "chi2_total": 277.5638640578875,
      "chi2_wp": 221.68850359160848,
      "chi2_xi0": 44.466637249526876,
      "chi2_xi2": 11.408723216751973,
      "f_sat_actual": 0.06000006584033906,
      "f_sat_target": 0.06,
      "model": "minimal_hod",
      "model_number_density_h3_mpc3": 0.000531589,
      "n_allowed_sat_candidates": 800000.0,
      "n_cen_target": 3997549.0,
      "n_gal": 4252712,
      "n_sat": 255163,
      "n_sat_target": 255163.0,
      "observed_number_density_h3_mpc3": 0.0005315890336544999,